taxid	organism_name
4840	Rhizomucor pusillus
4896	Schizosaccharomyces pombe
4909	Pichia kudriavzevii
4950	Torulaspora delbrueckii
4952	Yarrowia lipolytica
4956	Zygosaccharomyces rouxii
4972	Dioszegia hungarica
4999	Kockovaella imperatae
5007	Brettanomyces bruxellensis
5016	Bipolaris maydis
5022	Plenodomus lingam
5059	Aspergillus flavus
5061	Aspergillus niger
5068	Aspergillus tubingensis
5074	Penicillium brevicompactum
5076	Penicillium chrysogenum
5077	Penicillium citrinum
5078	Penicillium griseofulvum
5082	Penicillium roqueforti
5083	Penicillium canescens
5088	Thermoascus crustaceus
5147	Sordaria macrospora
5210	Filobasidium floriforme
5270	Mycosarcoma maydis
5322	Pleurotus ostreatus
5353	Lentinula edodes
5454	Ascochyta rabiei
5467	Colletotrichum truncatum
5478	Nakaseomyces glabratus
5480	Candida parapsilosis
5481	Diutina rugosa
5499	Fulvia fulva
5541	Thermomyces lanuginosus
5599	Alternaria alternata
6039	Vairimorpha necatrix
13502	Brettanomyces nanus
27288	Naumovozyma castellii
27291	Saccharomyces paradoxus
27334	Penicillium expansum
27357	Colletotrichum acutatum
28549	Priceomyces carsonii
28565	Thermomyces dupontii
28985	Kluyveromyces lactis
29845	Penicillium vulpinum
29922	Mucor mucedo
33203	Purpureocillium lilacinum
34406	Colletotrichum destructivum
34475	Rhodofomes roseus
36035	Saccharomycodes ludwigii
36050	Fusarium poae
36646	Penicillium coprophilum
36651	Penicillium digitatum
36656	Penicillium crustosum
36911	Clavispora lusitaniae
36914	Lodderomyces elongisporus
37727	Talaromyces marneffei
39416	Tuber melanosporum
40302	Vairimorpha ceranae
40994	Penicillium hordei
41047	Aspergillus thermomutatus
41067	Aspergillus candidus
42260	Zygotorulaspora mrakii
42677	Fusarium subglutinans
43433	Tricharina praecox
43959	Saccharomycopsis crataegensis
44089	Dipodascopsis tothii
45133	Lasiodiplodia theobromae
45151	Pyrenophora tritici-repentis
45286	Eremothecium sinecaudum
45303	Alternaria infectoria
45357	Candidozyma haemuli
45513	Scheffersomyces spartinae
45607	Wickerhamiella sorbophila
45792	Lipomyces oligophaga
48095	Alternaria dauci
48254	Torulaspora globosa
48563	Suillus bovinus
48578	Suillus paluster
48586	Suillus subalutaceus
48587	Suillus subaureus
48865	Fusarium redolens
51156	Cadophora gregata
54092	Lipomyces tetrasporus
54550	Myxozyma melibiosi
56418	Lipomyces arxii
56646	Fusarium venenatum
56871	Lipomyces japonicus
58627	Debaryomyces fabryi
58853	Trichoderma citrinoviride
58919	Tilletiopsis washingtonensis
60171	Penicillium verrucosum
60172	Penicillium solitum
61262	Maudiozyma barnettii
61395	Linderina pennispora
61397	Kickxella alabastrina
61420	Aspergillus caelatus
63214	Hypoxylon fragiforme
63577	Trichoderma atroviride
63820	Penicillium chermesinum
63821	Penicillium daleae
64571	Lobosporangium transversale
64574	Radiomyces spectabilis
64632	Mycotypha africana
64656	Zychaea mexicana
69781	Penicillium oxalicum
69789	Penicillium soppii
69791	Penicillium waksmanii
70096	Penicillium cinerascens
72144	Remersonia thermophila
74035	Arthroderma uncinatum
75553	Aspergillus viridinutans
76775	Malassezia restricta
77020	Malassezia pachydermatis
83186	Diaporthe citri
84275	Cercospora kikuchii
84753	Moesziomyces antarcticus
85995	Mycothermus thermophilus
87229	Botrytis porri
89139	Rasamsonia byssochlamydoides
90255	Cokeromyces recurvatus
91492	Aspergillus udagawae
91928	Exophiala spinifera
92637	Metarhizium acridum
94218	Penicillium lagena
94610	Neurospora tetraspora
97331	Arthrobotrys flagrans
98403	Drechmeria coniospora
101096	Gilbertella persicaria
101098	Gamsiella multidivaricata
101107	Halteromyces radiatus
101201	Trichoderma asperellum
103429	Daldinia loculata
105984	Apiotrichum porosum
109264	Aspergillus bombycis
110093	Polychytrium aggregatum
111463	Hirsutella rhossiliensis
112416	Letharia columbiana
112498	Ramularia collo-cygni
114800	Daldinia vernicosa
116603	Suillus plorans
116970	Penicillium angulare
119953	Alternaria atra
120017	Ustilago hordei
121624	Phyllosticta capitalensis
121627	Talaromyces rugulosus
122368	Cercospora beticola
126998	Penicillium bovifimosum
132259	Aspergillus pseudotamarii
138277	Aspergillus melleus
139415	Fomitopsis serialis
139641	Botrytis byssoidea
139825	Sparassis crispa
143232	Vanrija pseudolonga
145971	Colletotrichum lupini
148305	Pyricularia grisea
149040	Mollisia scopiformis
152316	Truncatella angustata
156630	Alternaria arborescens
168172	Puccinia striiformis f. sp. tritici
168475	Penicillium taxi
169388	Fusarium solani
173218	Trichoderma aggressivum f. europaeum
176173	Aspergillus lucknowensis
176176	Penicillium paradoxum
176178	Aspergillus pseudodeflectus
181014	Alternaria ethzedia
181017	Alternaria conjuncta
181124	Marasmius oreades
181172	Vanrija albida
181762	Psilocybe cubensis
182096	Aspergillus chevalieri
189055	Penicillium canariense
192010	Fusarium mangiferae
195108	Fusarium falciforme
203109	Penicillium manginii
208348	Puccinia triticina
209559	Aspergillus alliaceus
212818	Exophiala mesophila
214684	Cryptococcus neoformans var. neoformans JEC21
215243	Exophiala oligosperma
215250	Acaromyces ingoldii
223818	Malassezia japonica
226126	Saccharomyces mikatae IFO 1815
226230	Saccharomyces kudriavzevii IFO 1802
227321	Aspergillus nidulans FGSC A4
229533	Fusarium graminearum PH-1
231269	Fusarium coffeatum
232088	Alternaria arbusti
235443	Cryptococcus neoformans var. grubii H99
236234	Diplodia corticola
237561	Candida albicans SC5314
240176	Coprinopsis cinerea okayama7#130
242507	Pyricularia oryzae 70-15
245834	Neohortaea acidophila
246409	Rhizopus delemar RA 99-880
246410	Coccidioides immitis RS
253628	Verruconis gallopava
254056	Fonsecaea monophora
264951	Paecilomyces variotii
268346	Penicillium mononematosum
273131	Nakaseomyces bracarensis
273372	Candida metapsilosis
278026	Arxiozyma heterogenica
279322	Cutaneotrichosporon cavernicola
280036	Sporisorium graminicola
283354	Alternaria metachromatica
283643	Cryptococcus neoformans var. neoformans B-3501A
284592	Debaryomyces hansenii CBS767
284811	Eremothecium gossypii ATCC 10895
284813	Encephalitozoon cuniculi GB-M1
291208	Australozyma saopauloensis
293559	Penicillium concentricum
293939	Aspergillus lentulus
294746	Meyerozyma guilliermondii ATCC 6260
294747	Candida tropicalis MYA-3404
294750	Cryptococcus deuterogattii R265
297637	Alternaria triticimaculans
301207	Macroventuria anomochaeta
303699	Penicillium macrosclerotiorum
306901	Chaetomium globosum CBS 148.51
318751	Westerdykella ornata
321614	Parastagonospora nodorum SN15
322104	Scheffersomyces stipitis CBS 6054
326644	Daldinia caldariorum
326645	Daldinia childiae
326647	Daldinia decipiens
326681	Hypoxylon trugodes
326684	Xylaria bambusicola
327061	Annulohypoxylon truncatum
330879	Aspergillus fumigatus Af293
331117	Aspergillus fischeri NRRL 181
332648	Botrytis cinerea B05.10
334819	Fusarium verticillioides 7600
335848	Apiospora aurea
335849	Apiospora marii
336722	Zymoseptoria tritici IPO323
336963	Uncinocarpus reesii 1704
341663	Aspergillus terreus NIH2624
342668	Pseudogymnoascus verrucosus
344612	Aspergillus clavatus NRRL 1
348802	Exophiala xenobiotica
359342	Colletotrichum phormii
367110	Neurospora crassa OR74A
367775	Cryptococcus gattii WM276
378194	Epithele typhae
383834	Lipomyces doorenjongii
383855	Pseudocercospora fijiensis CIRAD86
390896	Trematosphaeria pertusa
398673	Trichoderma gamsii
402676	Schizosaccharomyces japonicus yFS275
413071	Trichoderma virens Gv29-8
416450	Penicillium antarcticum
418459	Puccinia graminis f. sp. tritici CRL 75-36-700-3
418784	Candidozyma pseudohaemuli
419775	Durotheca rogersii
420778	Diplodia seriata
425265	Malassezia globosa CBS 7966
426428	Fusarium oxysporum f. sp. lycopersici 4287
430562	Alternaria novae-zelandiae
431241	Trichoderma reesei QM6a
436907	Vanderwaltozyma polyspora DSM 70294
441959	Talaromyces stipitatus ATCC 10500
443226	Coccidioides posadasii str. Silveira
447093	Histoplasma capsulatum G186AR
456999	Rhizoctonia solani
460523	Ogataea polymorpha
470096	Pseudovirgaria hyperparasitica
474922	Colletotrichum gloeosporioides
483514	Schizosaccharomyces octosporus yFS286
486041	Laccaria bicolor S238N-H82
497107	Candida oxycetoniae
497108	Candida jiufengensis
497109	Candida pseudojiufengensis
498019	Candidozyma auris
498257	Verticillium dahliae VdLs.17
500148	Metarhizium brunneum
502779	Paracoccidioides lutzii Pb01
502780	Paracoccidioides brasiliensis Pb18
510516	Aspergillus oryzae RIB40
510951	Neurospora tetrasperma FGSC 2508
515849	Podospora anserina S mat+
526221	Verticillium alfalfae VaMs.102
535722	Nannizzia gypsea CBS 118893
554155	Microsporum canis CBS 113480
559292	Saccharomyces cerevisiae S288C
559295	Lachancea thermotolerans CBS 6340
559297	Blastomyces dermatitidis ER-3
559298	Blastomyces gilchristii SLH14081
559305	Trichophyton rubrum CBS 118892
560253	Letharia lupina
561895	[Candida] subhashii
563466	Scedosporium apiospermum
564305	Kwoniella shivajii
566460	Alternaria viburni
569365	Cladophialophora immunda
573729	Thermothelomyces thermophilus ATCC 42464
573826	Candida dubliniensis CD36
574656	Recurvomyces mirabilis
574789	Mytilinidion resinicola
578455	Thermothielavioides terrestris NRRL 8126
578456	Tremella mesenterica DSM 1558
578457	Serpula lacrymans var. lacrymans S7.9
578458	Schizophyllum commune H4-8
578459	Rhodotorula graminis WP1
588596	Rhizophagus irregularis
588809	Neurospora hispaniola
591952	Sodiomyces alcalophilus JCM 7366
595635	Phyllosticta citriasiana
597362	Agaricus bisporus var. burnettii JB137-S8
599839	Fibroporia radiculosa
619300	Spathaspora passalidarum NRRL Y-27907
644223	Komagataella phaffii GS115
644352	Gaeumannomyces tritici R3-111a-1
645133	Colletotrichum graminicola M1.001
645134	Spizellomyces punctatus DAOM BR117
650164	Phanerochaete carnosa HHB-10118-sp
653667	Schizosaccharomyces cryophilus OY26
655819	Beauveria bassiana ARSEF 2860
655844	Metarhizium robertsii ARSEF 23
655863	Grosmannia clavigera kw1407
655981	Pseudogymnoascus destructans
660027	Fusarium oxysporum Fo47
660122	Fusarium vanettenii 77-13-4
660469	Cryphonectria parasitica EP155
663202	Trichophyton verrucosum HKI 0517
663331	Trichophyton benhamiae CBS 112371
665079	Sclerotinia sclerotiorum 1980 UF-70
665912	Bipolaris sorokiniana ND90Pr
670483	Gloeophyllum trabeum ATCC 11539
670580	Postia placenta MAD-698-R-SB12
671144	Wallemia mellicola CBS 633.66
671987	Exserohilum turcica Et28A
673940	Lindgomyces ingoldianus
681940	Colletotrichum navitas
683960	Wickerhamomyces anomalus NRRL Y-366-8
684364	Batrachochytrium dendrobatidis JAM81
688661	Lichtheimia ornata
690259	Colletotrichum siamense
690307	Aspergillus aculeatus ATCC 16872
692275	Sphaerulina musiva SO2202
694068	Fomitiporia mediterranea MF3/22
698441	Drepanopeziza brunnea f. sp. 'multigermtubi'
698492	Saitoella complicata NRRL Y-17804
700344	Colletotrichum spaethianum
708070	Mucor velutinosus
710243	Colletotrichum fioriniae
717646	Baudoinia panamericana UAMH 10762
717944	Trametes versicolor FP-101664 SS1
721885	Stereum hirsutum FP-91666 SS1
732165	Dichomitus squalens LYAD-421 SS1
741275	Punctularia strigosozonata HHB-11173 SS5
741705	Coniophora puteana RWD-64-598 SS2
747525	Heterobasidion irregulare TC 32-1
747676	Melampsora larici-populina 98AG31
748121	Diaporthe batatas
749465	Boeremia exigua
756982	Orbilia oligospora ATCC 24927
759272	Thermochaetoides thermophila DSM 1495
759273	Colletotrichum higginsianum IMI 349063
763406	Pichia membranifaciens NRRL Y-2026
763407	Phycomyces blakesleeanus NRRL 1555(-)
764103	Mixia osmundae IAM 14324
767769	Aspergillus brasiliensis CBS 101740
794803	Cenococcum geophilum 1.58
796027	Sugiyamaella lignohabitans
856822	Fonsecaea nubica
857342	Amorphotheca resinae ATCC 22711
858893	Exophiala dermatitidis NIH/UT8656
869754	Metschnikowia bicuspidata var. bicuspidata NRRL YB-4993
870730	Ogataea angusta
871575	Ogataea parapolymorpha DL-1
876142	Encephalitozoon intestinalis ATCC 50506
879819	Cutaneotrichosporon oleaginosum
881290	Nematocida parisii ERTm1
907965	Encephalitozoon hellem ATCC 50504
911321	Calcarisporiella thermophila
930089	Bipolaris zeicola 26-R-13
930090	Bipolaris oryzae ATCC 44560
930091	Bipolaris victoriae FI3
931890	Eremothecium cymbalariae DBVPG#7215
936046	Agaricus bisporus var. bisporus H97
936130	Pisolithus orientalis
948595	Vavraia culicis subsp. floridensis
983644	Cordyceps militaris CM01
983964	Trichoderma harzianum CBS 226.95
983966	Cyberlindnera jadinii NRRL Y-1542
984485	Hyphopichia burtonii NRRL Y-1933
984486	Babjeviella inositovora NRRL Y-12698
984487	Suhomyces tanzawaensis NRRL Y-17324
989973	Phyllosticta citribraziliensis
993615	Vittaforma corneae ATCC 50505
1002107	Penicillium psychrosexuale
1003335	Kluyveromyces marxianus DMKU3-1042
1028729	Fusarium pseudograminearum CS3096
1036611	Aspergillus versicolor CBS 583.65
1036612	Aspergillus sydowii CBS 593.65
1037660	Tilletiaria anomala UBC 951
1041607	Wickerhamomyces ciferrii
1042133	Fusarium musae
1043002	Aureobasidium pullulans EXF-150
1043003	Aureobasidium melanogenum CBS 110374
1043004	Aureobasidium namibiae CBS 147.97
1043005	Aureobasidium subglaciale EXF-2481
1051616	Verticillium nonalfalfae
1052096	Cladosporium halotolerans
1069201	Aspergillus luchuensis
1069680	Pneumocystis murina B123
1070780	Aspergillus affinis
1071378	Naumovozyma dairenensis CBS 421
1071380	Henningerozyma blattae CBS 6284
1071381	Tetrapisispora phaffii CBS 4417
1071382	Kazachstania africana CBS 2517
1071383	Huiozyma naganishii CBS 8797
1073089	Aspergillus wentii DTO 134E9
1073090	Penicilliopsis zonata CBS 506.65
1078765	Scheffersomyces amazonensis
1079257	Ilyonectria robusta
1080232	Penicillium hispanicum
1080233	Zasmidium cellare ATCC 36951
1080349	Saccharomyces eubayanus
1081103	Metarhizium album ARSEF 1941
1081104	Cordyceps fumosorosea ARSEF 2679
1089451	Fusarium odoratissimum NRRL 54006
1093897	Phialemonium atrogriseum
1093900	Thyridium curvatum
1094350	Geosmithia morbida
1095194	Colletotrichum karsti
1095630	Hyaloscypha bicolor E
1108849	Penicillium rubens
1116229	Glarea lozoyensis ATCC 20868
1125753	Limtongia smithiae
1130832	Rhodotorula toruloides NP11
1131564	Penicillium cosmopolitanum
1131581	Penicillium argentinense
1131652	Talaromyces proteolyticus
1132637	Penicillium atrosanguineum
1136231	Candida orthopsilosis Co 90-125
1141098	Pseudomassariella vexata
1149848	Thermothelomyces heterothallicus CBS 202.75
1150837	Didymella exigua CBS 183.55
1157608	Madurella fahalii
1159556	Ustilaginoidea virens
1160497	Aspergillus glaucus CBS 516.65
1167516	Penicillium odoratum
1168221	Coniosporium apollinis CBS 100218
1168544	Cucurbitaria berberidis CBS 394.84
1170767	Chaetomium strumarium
1174673	Morchella importuna
1174677	Morchella sextelata
1176127	Aplosporella prunicola CBS 121167
1178016	Encephalitozoon romaleae SJ-2008
1182541	Capronia coronata CBS 617.96
1182542	Capronia epimyces CBS 606.96
1182543	Cladophialophora psammophila CBS 110553
1182544	Cladophialophora yegresii CBS 114405
1182545	Exophiala aquamarina CBS 119918
1186058	Trichosporon asahii var. asahii CBS 2479
1187904	Alternaria burnsii
1187925	Alternaria hordeiaustralica
1187928	Alternaria incomplexa
1187938	Alternaria postmessia
1187941	Alternaria rosae
1187951	Alternaria ventricosa
1196081	Talaromyces amestolkiae
1198502	Candida theae
1209916	Colletotrichum costaricense
1209918	Colletotrichum godetiae
1209926	Colletotrichum orchidophilum
1209932	Colletotrichum scovillei
1209934	Colletotrichum tamarilloi
1213859	Colletotrichum fructicola Nara gc5
1214568	Diaporthe amygdali
1215731	Colletotrichum aenigma
1220188	Aspergillus tanneri
1220207	Aspergillus puulaauensis
1220924	Cyphellophora europaea CBS 101466
1227346	Fusarium proliferatum ET1
1229662	Pestalotiopsis fici W106-1
1230383	Malassezia sympodialis ATCC 42132
1231522	Candidozyma duobushaemuli
1245769	Lachancea lanzarotensis
1263415	Endocarpon pusillum Z07020
1268659	Kwoniella botswanensis
1277687	Pseudozyma flocculosa PF-1
1279043	Cladophialophora carrionii CBS 160.54
1279085	Fusarium fujikuroi IMI 58289
1280837	Meira miltonrushii
1286976	Phaeoacremonium minimum UCRPA7
1295528	Cryptococcus wingfieldii CBS 7118
1295531	Cryptococcus depauperatus CBS 7841
1295533	Cryptococcus amylolentus CBS 6039
1295534	Kwoniella dendrophila CBS 6074
1296096	Kwoniella pini CBS 10737
1296100	Kwoniella bestiolae CBS 10118
1296105	Cryptococcus tetragattii IND107
1296109	Cryptococcus bacillisporus CA1280
1296121	Kwoniella dejecticola CBS 10117
1296122	Kwoniella mangroviensis CBS 8507
1299270	Wallemia ichthyophaga EXF-994
1304137	Scheffersomyces xylosifermentans
1305764	Pseudozyma hubeiensis SY62
1314678	Umbelopsis ramanniana AG
1314773	Sodiomyces alkalinus F11
1314785	Laetiporus sulphureus 93-53
1314786	Dissoconium aciculare CBS 342.82
1316194	Penicillium subrubescens
1316788	Lachnellula hyalina
1324776	Penicillium malachiteum
1328300	Fusarium keratoplasticum
1328758	Lentinus tigrinus ALCF2SS1-7
1328760	Xylona heveae TC161
1337062	Kockiozyma suomiensis
1337664	Apiospora hydei
1337665	Apiospora kogelbergensis
1340429	Rhizopus microsporus ATCC 52813
1341132	Aspergillus welwitschiae
1343394	Penicillium maclennaniae
1344418	Ascoidea rubescens DSM 1968
1354746	Ordospora colligata OC4
1365824	Kalmanozyma brasiliensis GHG001
1367422	Fonsecaea erecta
1378263	Ogataea philodendri
1380566	Pochonia chlamydosporia 170
1382522	Kuraishia capsulata CBS 1993
1387563	Ophidiomyces ophidiicola
1388766	Aspergillus ruber CBS 135680
1392243	Eremomyces bilateralis CBS 781.70
1392245	Dothidotthia symphoricarpi CBS 119687
1392248	Aspergillus campestris IBT 28561
1392250	Aspergillus steynii IBT 23096
1392255	Aspergillus novofumigatus IBT 16806
1392256	Aspergillus ochraceoroseus IBT 24754
1396493	Fimicolochytrium jonesii
1397322	Cystobasidium minutum MCA 4210
1397361	Sporothrix schenckii 1099-18
1398154	Sporothrix brasiliensis 5110
1408163	Rasamsonia emersonii CBS 393.64
1408657	Pneumocystis jirovecii RU7
1408658	Pneumocystis carinii B80
1423913	Kwoniella europaea PYCC6329
1441469	Talaromyces atroroseus
1442368	Fonsecaea pedrosoi CBS 271.37
1442369	Rhinocladiella mackenziei CBS 650.93
1442370	Cladophialophora bantiana CBS 173.52
1442371	Fonsecaea multimorphosa CBS 102226
1448310	Aspergillus neoniger CBS 115656
1448311	Aspergillus vadensis CBS 113365
1448312	Aspergillus japonicus CBS 114.51
1448313	Aspergillus piperis CBS 112811
1448314	Aspergillus eucalypticola CBS 122712
1448315	Aspergillus uvarum CBS 121591
1448316	Aspergillus ibericus CBS 121593
1448317	Aspergillus costaricaensis CBS 115574
1448319	Aspergillus fijiensis CBS 313.89
1448321	Aspergillus heteromorphus CBS 117.55
1448322	Aspergillus aculeatinus CBS 121060
1450172	Aaosphaeria arxii CBS 175.79
1450533	Aspergillus niger CBS 101883
1450534	Aspergillus brunneoviolaceus CBS 621.78
1450535	Aspergillus sclerotioniger CBS 115572
1450536	Guyanagaster necrorhizus MCA 3950
1450537	Aspergillus homomorphus CBS 101889
1450539	Aspergillus saccharolyticus JOP 1030-1
1460663	Paraphaeosphaeria sporulosa
1463999	Botrytis sinoallii
1485682	Mitosporidium daphniae
1506151	Aspergillus pseudonomiae
1506179	Penicillium alfredii
1509407	Aspergillus nomiae NRRL 13137
1517512	Aspergillus pseudoviridinutans
1522189	Ceraceosorus guamensis
1546026	Lipomyces chichibuensis
1561947	Penicillium longicatenatum
1562058	Penicillium pulvis
1562060	Penicillium verhagenii
1567544	Fusarium tjaetaba
1569628	Jaminaea rosea
1578925	Pyricularia pennisetigena
1635080	Knufia obscura
1651941	Kwoniella newhampshirensis
1658444	Neoarthrinium moseri
1664694	Cyphellophora attinorum
1671311	Colletotrichum abscissum
1682393	Microdochium trichocladiopsis
1684307	Pseudomicrostroma glucosiphilum
1690604	Lithohypha guttulata
1690606	Exophiala bonariae
1690608	Saxophila tyrrhenica
1734106	Kwoniella shandongensis
1750568	Cantharellus anzutake
1775924	Candida margitis
1775926	Lodderomyces beijingensis
1788519	Scheffersomyces coipomensis
1792511	Penicillium robsamsonii
1805483	Nematocida displodere
1806994	Synchytrium microbalum
1810919	Aspergillus mulundensis
1835702	Penicillium arizonense
1836956	Colletotrichum chrysophilum
1850975	Penicillium nucicola
1854472	Chaetomium fimeti
1854479	Chaetomium tenue
1858805	Dacryopinax primogenitus
1859122	Cryptococcus decagattii
1882272	Penicillium samsonianum
1903569	Penicillium riverlandense
1904413	Suillus clintonianus
1912936	Suillus discolor
1912939	Suillus fuscotomentosus
1912981	Nematocida homosporus
1912982	Nematocida major
1912983	Nematocida minor
1913371	Nematocida ausubeli
1914294	Colletotrichum paranaense
1927788	Annulohypoxylon maeteangense
1929756	Desarmillaria tabescens
1932322	Didymosphaeria variabile
1934379	Dichotomopilus funicola
1937702	Ogataea haglerorum
1954250	Lasiosphaeria miniovina
1964551	Botrytis fragariae
2019550	Ceratocystis lukuohia
2020962	Malassezia vespertilionis
2034170	Trichoderma breve
2059318	Histoplasma mississippiense (nom. inval.)
2060973	Purpureocillium takamizusanense
2074819	Canariomyces notabilis
2093777	Podospora bellae-mahoneyi
2093779	Podospora pseudocomata
2093780	Podospora pseudopauciseta
2100454	Penicillium cataractarum
2126181	Mycena indigotica
2231603	Akanthomyces muscarius
2315449	Yamadazyma tenuis
2478750	Botrytis deweyae
2486360	Exophiala viscosa
2545709	Schizosaccharomyces osmophilus
2587402	Parathielavia appendiculata
2606893	Magnusiomyces paraingens
2609844	Podospora pseudoanserina
2614577	Emericellopsis atlantica
2656787	Venustampulla echinocandica
2675880	Fusarium flagelliforme
2686198	Emericellopsis cladophorae
2732470	Bacidia gigantensis
2754530	Protomyces lactucae-debilis
2781224	Neodothiora populina
2819901	Penicillium diatomitis
2905665	Apiospora phragmitis
3039483	Ordospora pajunii
46125	Abiotrophia defectiva
264636	Acholeplasma hippikon
2148	Acholeplasma laidlawii
35623	Acholeplasma oculi
32002	Achromobacter denitrificans
217204	Achromobacter insolitus
72557	Achromobacter ruhlandii
217203	Achromobacter spanius
85698	Achromobacter xylosoxidans
905	Acidaminococcus fermentans
187327	Acidaminococcus intestini
1749	Acidipropionibacterium jensenii
80867	Acidovorax avenae
470	Acinetobacter baumannii
106648	Acinetobacter bereziniae
471	Acinetobacter calcoaceticus
106649	Acinetobacter guillouiae
29430	Acinetobacter haemolyticus
40214	Acinetobacter johnsonii
40215	Acinetobacter junii
1785128	Acinetobacter lactucae
28090	Acinetobacter lwoffii
106654	Acinetobacter nosocomialis
48296	Acinetobacter pittii
108981	Acinetobacter schindleri
1530123	Acinetobacter seifertii
487316	Acinetobacter soli
108980	Acinetobacter ursingii
51161	Actinobacillus delphinicola
720	Actinobacillus lignieresii
715	Actinobacillus pleuropneumoniae
716	Actinobacillus suis
723	Actinobacillus ureae
163603	Actinomadura latina
1993	Actinomadura madurae
181487	Schaalia cardiffensis
66228	Gleimia europaea
52769	Actinomyces gerencseriae
55565	Actinomyces graevenitzii
178339	Pauljensenia hongkongensis
1659	Actinomyces israelii
461393	Actinomyces massiliensis
52773	Schaalia meyeri
1660	Schaalia odontolytica
544580	Actinomyces oris
111015	Actinomyces radicidentis
131110	Schaalia radingae
1288391	Actinomyces timonensis
131111	Schaalia turicensis
103621	Actinomyces urogenitalis
1656	Actinomyces viscosus
59505	Actinotignum schaalii
302406	Advenella mimigardefordensis
87541	Aerococcus christensenii
119206	Aerococcus sanguinicola
1376	Aerococcus urinae
128944	Aerococcus urinaehominis
1377	Aerococcus viridans
656	Aeromonas allosaccharophila
105751	Aeromonas bestiarum
648	Aeromonas caviae
196024	Aeromonas dhakensis
73010	Aeromonas encheleia
29489	Aeromonas enteropelogenes
654	Aeromonas veronii
651	Aeromonas media
652	Aeromonas schubertii
646	Aeromonas sobria
633417	Aeromonas taiwanensis
714	Aggregatibacter actinomycetemcomitans
732	Aggregatibacter aphrophilus
739	Aggregatibacter segnis
648995	Rhizobium pusense
511	Alcaligenes faecalis
214856	Alistipes finegoldii
328814	Alistipes shahii
1652	Alloiococcus otitis
419015	Alloscardovia omnicolens
346045	Amycolatopsis benzoatilytica
31958	Amycolatopsis orientalis
33029	Anaerococcus hydrogenalis
33032	Anaerococcus lactolyticus
33034	Anaerococcus prevotii
33036	Anaerococcus tetradius
156456	Anaeroglobus geminatus
769	Anaplasma centrale
770	Anaplasma marginale
142058	Anaplasma ovis
948	Anaplasma phagocytophilum
28264	Arcanobacterium haemolyticum
131112	Arcanobacterium phocae
28197	Arcobacter butzleri
28198	Arcobacter cryaerophilus
28200	Arcobacter skirrowii
91915	Asaia bogorensis
1382	Lancefieldella parvula
1383	Lancefieldella rimae
82135	Fannyhessea vaginae
100225	Austwickia chelonae
728	Avibacterium paragallinarum
1392	Bacillus anthracis
1396	Bacillus cereus
1179100	Bacillus cereus biovar anthracis
74308	Bacillus circulans
1398	Bacillus coagulans
580165	Bacillus cytotoxicus
324767	Bacillus infantis
1402	Bacillus licheniformis
1404	Bacillus megaterium
1405	Bacillus mycoides
1408	Bacillus pumilus
1428	Bacillus thuringiensis
47678	Bacteroides caccae
357276	Phocaeicola dorei
28111	Bacteroides eggerthii
817	Bacteroides fragilis
290053	Bacteroides helcogenes
28116	Bacteroides ovatus
46506	Bacteroides stercoris
818	Bacteroides thetaiotaomicron
820	Bacteroides uniformis
821	Phocaeicola vulgatus
52764	Bartonella alsatica
1318743	Bartonella ancashensis
774	Bartonella bacilliformis
111504	Bartonella birtlesii
155194	Bartonella bovis
56426	Bartonella clarridgeiae
33044	Bartonella doshiae
807	Bartonella elizabethae
33045	Bartonella grahamii
38323	Bartonella henselae
92181	Bartonella koehlerae
803	Bartonella quintana
481139	Bartonella rattaustraliani
395923	Bartonella rochalimae
165694	Bartonella schoenbuchensis
33046	Bartonella taylorii
85701	Bartonella tribocorum
1472345	Basilea psittacipulmonis
663	Vibrio alginolyticus
670	Vibrio parahaemolyticus
1015	Bergeyella zoohelcum
47735	Bibersteinia trehalosi
1680	Bifidobacterium adolescentis
1685	Bifidobacterium breve
1689	Bifidobacterium dentium
158787	Bifidobacterium scardovii
521	Bordetella avium
463025	Bordetella bronchialis
518	Bordetella bronchiseptica
463014	Bordetella flabilis
103855	Bordetella hinzii
35814	Bordetella holmesii
519	Bordetella parapertussis
520	Bordetella pertussis
94624	Bordetella petrii
1331258	Bordetella pseudohinzii
123899	Bordetella trematum
29518	Borreliella afzelii
143	Borrelia anserina
64897	Borreliella bissettii
144	Borrelia coriaceae
29520	Borrelia crocidurae
40834	Borrelia duttonii
140	Borrelia hermsii
40835	Borrelia hispanica
1674146	Borrelia mayonii
47466	Borrelia miyamotoi
141	Borrelia parkeri
44448	Borrelia persica
44449	Borrelia recurrentis
142	Borrelia turicatae
62088	Borreliella valaisiana
664662	Borreliella bavariensis
139	Borreliella burgdorferi
29519	Borreliella garinii
88916	Borreliella spielmanii
1287055	Brachyspira hampsonii
159	Brachyspira hyodysenteriae
84377	Brachyspira intermedia
84378	Brachyspira murdochii
52584	Brachyspira pilosicoli
1393	Brevibacillus brevis
1465	Brevibacillus laterosporus
33889	Brevibacterium casei
293	Brevundimonas diminuta
41276	Brevundimonas vesicularis
235	Brucella abortus
36855	Brucella canis
120577	Brucella ceti
29459	Brucella melitensis
444163	Brucella microti
236	Brucella ovis
120576	Brucella pinnipedialis
29461	Brucella suis
152480	Burkholderia ambifaria
179879	Burkholderia anthina
95486	Burkholderia cenocepacia
292	Burkholderia cepacia
488447	Burkholderia contaminans
488732	Burkholderia diffusa
152500	Burkholderia dolosa
28095	Burkholderia gladioli
488446	Burkholderia latens
13373	Burkholderia mallei
488729	Burkholderia metallica
87883	Burkholderia multivorans
342113	Burkholderia oklahomensis
28450	Burkholderia pseudomallei
1207504	Burkholderia pseudomultivorans
488731	Burkholderia seminalis
95485	Burkholderia stabilis
1503054	Burkholderia stagnalis
57975	Burkholderia thailandensis
101571	Burkholderia ubonensis
60552	Burkholderia vietnamiensis
195	Campylobacter coli
199	Campylobacter concisus
200	Campylobacter curvus
824	Campylobacter gracilis
28898	Campylobacter helveticus
1813019	Campylobacter hepaticus
260714	Campylobacter insulaenigrae
75658	Campylobacter lanienae
202	Campylobacter mucosalis
488546	Campylobacter peloridis
204	Campylobacter showae
1031919	Campylobacter sputorum biovar sputorum
28080	Campylobacter upsaliensis
827	Campylobacter ureolyticus
1031542	Campylobacter volucris
28188	Capnocytophaga canimorsus
28189	Capnocytophaga cynodegmi
1017	Capnocytophaga gingivalis
45242	Capnocytophaga granulosa
45243	Capnocytophaga haemolytica
327575	Capnocytophaga leadbetteri
1018	Capnocytophaga ochracea
1019	Capnocytophaga sputigena
2718	Cardiobacterium hominis
194702	Cardiobacterium valvarum
2751	Carnobacterium maltaromaticum
270498	Catabacter hongkongensis
158823	Cedecea lapagei
158822	Cedecea neteri
1710	Cellulosimicrobium cellulans
83555	Chlamydia abortus
1457141	Chlamydia avium
83557	Chlamydia caviae
83556	Chlamydia felis
1457153	Chlamydia gallinacea
83560	Chlamydia muridarum
85991	Chlamydia pecorum
83558	Chlamydia pneumoniae
83554	Chlamydia psittaci
83559	Chlamydia suis
813	Chlamydia trachomatis
394935	Chromobacterium haemolyticum
536	Chromobacterium violaceum
1241978	Chryseobacterium bernardetii
250	Chryseobacterium gleum
253	Chryseobacterium indologenes
1241982	Chryseobacterium nakagawai
536441	Chryseobacterium taklimakanense
35703	Citrobacter amalonaticus
57706	Citrobacter braakii
67824	Citrobacter farmeri
546	Citrobacter freundii
545	Citrobacter koseri
1563222	Citrobacter pasteurii
1639133	Citrobacter portucalensis
67825	Citrobacter rodentium
67827	Citrobacter werkmanii
133448	Citrobacter youngae
1496	Clostridioides difficile
29341	Clostridium argentinense
1561	Clostridium baratii
208479	Enterocloster bolteae
1491	Clostridium botulinum
1492	Clostridium butyricum
46867	Clostridium chauvoei
1494	Clostridium cochlearium
84025	Clostridium haemolyticum
1522	Clostridium innocuum
1542	Clostridium novyi
29363	Clostridium paraputrificum
1502	Clostridium perfringens
1548	Clostridium scatologenes
1504	Clostridium septicum
29370	Lacrimispora sphenoides
1509	Clostridium sporogenes
1513	Clostridium tetani
74426	Collinsella aerofaciens
225991	Comamonas aquatica
225992	Comamonas kerstersii
32013	Comamonas terrigena
285	Comamonas testosteroni
38284	Corynebacterium accolens
1697	Corynebacterium ammoniagenes
43765	Corynebacterium amycolatum
42817	Corynebacterium argentoratense
169292	Corynebacterium aurimucosum
161896	Corynebacterium camporealensis
35757	Corynebacterium cystitidis
1717	Corynebacterium diphtheriae
108486	Corynebacterium falsenii
556548	Corynebacterium freiburgense
134034	Corynebacterium freneyi
39791	Corynebacterium glucuronolyticum
156978	Corynebacterium imitans
38289	Corynebacterium jeikeium
161879	Corynebacterium kroppenstedtii
35755	Corynebacterium kutscheri
161889	Corynebacterium lipophiloflavum
441501	Corynebacterium massiliense
43768	Corynebacterium matruchotii
38301	Corynebacterium minutissimum
571915	Corynebacterium mustelae
38302	Corynebacterium mycetoides
43769	Corynebacterium propinquum
37637	Corynebacterium pseudodiphtheriticum
1719	Corynebacterium pseudotuberculosis
1724	Corynebacterium renale
258224	Corynebacterium resistens
156976	Corynebacterium riegelii
146827	Corynebacterium simulans
161899	Corynebacterium singulare
1705	Corynebacterium stationis
43770	Corynebacterium striatum
441500	Corynebacterium timonense
38304	Corynebacterium tuberculostearicum
302449	Corynebacterium tuscaniense
65058	Corynebacterium ulcerans
43771	Corynebacterium urealyticum
401472	Corynebacterium ureicelerivorans
777	Coxiella burnetii
413503	Cronobacter malonaticus
413501	Cronobacter muytjensii
28141	Cronobacter sakazakii
413502	Cronobacter turicensis
535744	Cronobacter universalis
82541	Cupriavidus gilardii
82633	Cupriavidus pauculus
164546	Cupriavidus taiwanensis
33010	Cutibacterium avidum
33011	Cutibacterium granulosum
80866	Delftia acidovorans
180282	Delftia tsuruhatensis
36740	Dermabacter hominis
1863	Dermatophilus congolensis
132132	Desulfomicrobium orale
472569	Devriesea agamarum
39950	Dialister pneumosintes
870	Dichelobacter nodosus
499555	Dietzia timorensis
29394	Dolosigranulum pigrum
45254	Dysgonomonas capnocytophagoides
156974	Dysgonomonas gadei
163665	Dysgonomonas mossii
93378	Edwardsiella hoshinae
67780	Edwardsiella ictaluri
1263550	Edwardsiella piscicida
636	Edwardsiella tarda
84112	Eggerthella lenta
944	Ehrlichia canis
945	Ehrlichia chaffeensis
779	Ehrlichia ruminantium
539	Eikenella corrodens
1117645	Elizabethkingia anophelis
238	Elizabethkingia meningoseptica
172045	Elizabethkingia miricola
247	Empedobacter brevis
343874	Empedobacter falsenii
548	Klebsiella aerogenes
61645	Enterobacter asburiae
881260	Enterobacter bugandensis
69218	Enterobacter cancerogenus
208224	Enterobacter kobei
299767	Enterobacter ludwigii
33945	Enterococcus avium
37734	Enterococcus casseliflavus
44008	Enterococcus cecorum
44009	Enterococcus dispar
53345	Enterococcus durans
1351	Enterococcus faecalis
1352	Enterococcus faecium
1353	Enterococcus gallinarum
160453	Enterococcus gilvus
1354	Enterococcus hirae
53346	Enterococcus mundtii
160454	Enterococcus pallens
44007	Enterococcus pseudoavium
71452	Enterococcus raffinosus
984991	Mycoplasma parvum
1648	Erysipelothrix rhusiopathiae
208962	Escherichia albertii
562	Escherichia coli
564	Escherichia fergusonii
565	Atlantibacter hermannii
1736	Eubacterium limosum
76124	Eubacterium minutum
35518	Eubacterium nodatum
143393	Eubacterium sulci
178214	Facklamia hominis
87650	Facklamia sourekii
853	Faecalibacterium prausnitzii
2052	Mobiluncus mulieris
2051	Mobiluncus curtisii
236753	Fastidiosipila sanguinis
143361	Filifactor alocis
1260	Finegoldia magna
292800	Flavonifractor plautii
447	Fluoribacter bozemanae
463	Fluoribacter dumoffii
622488	Francisella hispaniensis
28110	Francisella philomiragia
123824	Frederiksenia canicola
849	Fusobacterium gonidiaformans
850	Fusobacterium mortiferum
860	Fusobacterium periodonticum
861	Fusobacterium ulcerans
856	Fusobacterium varium
2702	Gardnerella vaginalis
84136	Gemella bergeri
1379	Gemella haemolysans
29391	Gemella morbillorum
84135	Gemella sanguinis
2054	Gordonia bronchialis
1004901	Gordonia iterans
2055	Gordonia terrae
471189	Gordonibacter pamelaeae
364410	Granulibacter bethesdensis
46124	Granulicatella adiacens
137732	Granulicatella elegans
673	Grimontia hollisae
195105	Haematobacter massiliensis
1549855	Haematospirillum jordaniae
136241	Mycoplasma haemocanis
197575	Haemophilus aegyptius
730	Haemophilus ducreyi
726	Haemophilus haemolyticus
727	Haemophilus influenzae
735	Haemophilus parahaemolyticus
729	Haemophilus parainfluenzae
736	Haemophilus paraphrohaemolyticus
738	Glaesserella parasuis
249188	Haemophilus pittmaniae
569	Hafnia alvei
546367	Hafnia paralvei
212	Helicobacter acinonychis
37372	Helicobacter bilis
56877	Helicobacter bizzozeronii
123841	Helicobacter canadensis
138563	Helicobacter cetorum
45498	Helicobacter cholecystus
213	Helicobacter cinaedi
214	Helicobacter felis
215	Helicobacter fennelliae
35817	Helicobacter heilmannii
32025	Helicobacter hepaticus
1591088	Helicobacter himalayensis
217	Helicobacter mustelae
35818	Helicobacter pullorum
210	Helicobacter pylori
1548018	Helicobacter sanguini
104628	Helicobacter suis
76936	Helicobacter typhlonius
731	Histophilus somni
43674	Jonesia denitrificans
428712	Jonquetella anthropi
206506	Kerstersia gyiorum
502	Kingella denitrificans
504	Kingella kingae
505	Kingella oralis
2058152	Klebsiella grimontii
1134687	Klebsiella michiganensis
571	Klebsiella oxytoca
244366	Klebsiella variicola
51288	Kluyvera ascorbata
580	Kluyvera cryocrescens
61648	Kluyvera intermedia
37923	Rothia kristinae
208223	Kosakonia cowanii
158877	Yokenella regensburgei
1650	Kurthia zopfii
1276	Kytococcus sedentarius
37482	Laceyella sacchari
617123	Lachnoanaerobaculum umeaense
1579	Lactobacillus acidophilus
1582	Lactobacillus casei
1613	Limosilactobacillus fermentum
1596	Lactobacillus gasseri
147802	Lactobacillus iners
109790	Lactobacillus jensenii
47715	Lactobacillus rhamnosus
1363	Lactococcus garvieae
168471	Laribacter hongkongensis
1528099	Lawsonella clevelandensis
29546	Lawsonia intracellularis
83655	Leclercia adecarboxylata
45056	Legionella adelaidensis
28082	Legionella anisa
28083	Legionella birminghamensis
29422	Legionella brunensis
28084	Legionella cherrii
28085	Legionella cincinnatiensis
45064	Legionella fairfieldensis
453	Legionella feeleii
449	Legionella hackeliae
454	Legionella israelensis
455	Legionella jamestowniensis
456	Legionella jordanis
45067	Legionella lansingensis
450	Legionella longbeachae
39962	Legionella moravica
29423	Legionella oakridgensis
45071	Legionella parisiensis
45073	Legionella quinlivanii
28087	Legionella sainthelensi
947033	Legionella steelei
40335	Legionella tucsonensis
28088	Legionella wadsworthii
61646	Lelliottia amnigena
82981	Leminorella grimontii
158841	Leminorella richardii
100053	Leptospira alexanderi
28452	Leptospira alstonii
174	Leptospira borgpetersenii
301541	Leptospira broomii
48782	Leptospira fainei
29506	Leptospira inadai
173	Leptospira interrogans
29507	Leptospira kirschneri
408139	Leptospira kmetyi
447106	Leptospira licerasiae
1137606	Leptospira mayottensis
28182	Leptospira noguchii
28183	Leptospira santarosai
28184	Leptospira weilii
409998	Leptospira wolffii
40542	Leptotrichia buccalis
157692	Pseudoleptotrichia goodfellowii
554406	Leptotrichia hongkongensis
157691	Leptotrichia shahii
109328	Leptotrichia trevisanii
33964	Leuconostoc citreum
1246	Leuconostoc lactis
33968	Leuconostoc pseudomesenteroides
1639	Listeria monocytogenes
1640	Listeria seeligeri
1421	Lysinibacillus sphaericus
1855823	Macrococcus canis
884684	Mageeibacillus indolicus
75985	Mannheimia haemolytica
85404	Mannheimia varigena
945844	Massilia oculi
907	Megasphaera elsdenii
187326	Megasphaera micronuciformis
66851	Methanobrevibacter oralis
199592	Microbacterium paraoxydans
158849	Moellerella wisconsensis
114527	Mogibacterium diversum
86332	Mogibacterium pumilum
35519	Mogibacterium timidum
480	Moraxella catarrhalis
29433	Moraxella ovis
34059	Moraxella atlantae
476	Moraxella bovis
477	Moraxella lacunata
478	Moraxella nonliquefaciens
34062	Moraxella osloensis
386891	Moraxella bovoculi
90241	Moraxella lincolnii
1056807	Morococcus cerebrosus
36809	Mycobacteroides abscessus
33894	Mycobacterium tuberculosis variant africanum
67081	Mycolicibacterium alvei
342002	Mycolicibacter arupensis
1790	Mycobacterium asiaticum
319707	Mycolicibacterium aubagnense
44454	Mycobacterium avium
146017	Mycolicibacterium boenickei
1765	Mycobacterium tuberculosis variant bovis
43348	Mycobacterium branderi
146020	Mycolicibacterium brisbanense
228230	Mycolicibacterium canariasense
115862	Mycobacterium tuberculosis variant caprae
28045	Mycobacterium celatum
1774	Mycobacteroides chelonae
222805	Mycobacterium chimaera
339268	Mycobacterium colombiense
451644	Mycolicibacterium conceptionense
81858	Mycolicibacterium elephantis
1776	Mycolicibacterium flavescens
1766	Mycolicibacterium fortuitum
948102	Mycobacteroides franklinii
36812	Mycobacterium genavense
134601	Mycolicibacterium goodii
1778	Mycobacterium gordonae
1552759	Mycobacterium grossiae
29311	Mycobacterium haemophilum
110505	Mycobacterium heckeshornense
512402	Mycolicibacter heraklionensis
152142	Mycolicibacterium holsaticum
83262	Mycobacteroides immunogenum
28445	Mycobacterium intermedium
1767	Mycobacterium intracellulare
912594	Mycolicibacterium iranicum
1768	Mycobacterium kansasii
1069220	Mycolicibacillus koreensis
354243	Mycolicibacter kumamotonensis
487514	Mycobacterium kyorinense
1769	Mycobacterium leprae
53462	Mycolicibacterium mageritense
1780	Mycobacterium malmoense
216594	Mycobacterium marinum
701042	Mycobacterium marseillense
56689	Mycolicibacterium mucogenicum
244292	Mycobacterium nebraskense
1795	Mycolicibacterium neoaurum
59813	Mycolicibacterium novocastrense
1807	Mycolicibacterium obuense
53378	Mycobacterium paraffinicum
1138383	Mycobacterium paraintracellulare
240125	Mycobacterium parascrofulaceum
43304	Mycolicibacterium peregrinum
36814	Mycolicibacterium rhodesiae
1578165	Mycobacteroides saopaulense
1783	Mycobacterium scrofulaceum
98668	Mycolicibacterium septicum
431269	Mycolicibacterium setense
243061	Mycobacterium sherrisii
29313	Mycobacterium shimoidei
1784	Mycobacterium simiae
1772	Mycolicibacterium smegmatis
1520670	Mycobacterium stephanolepidis
1787	Mycobacterium szulgai
1858794	Mycobacterium talmoniae
1788	Mycolicibacter terrae
1797	Mycolicibacterium thermoresistibile
47839	Mycobacterium triplex
1773	Mycobacterium tuberculosis
1809	Mycobacterium ulcerans
1810	Mycolicibacterium vaccae
59750	Mycolicibacterium wolinskyi
1789	Mycobacterium xenopi
347257	Mycoplasma agalactiae
1188234	Mycoplasma alkalescens
171279	Mycoplasma anatis
2094	Mycoplasma arginini
2111	Mycoplasma arthritidis
2112	Mycoplasma bovigenitalium
29553	Mycoplasma bovirhinis
1188237	Mycoplasma bovis
45362	Mycoplasma bovoculi
2113	Mycoplasmopsis californica
29554	Mycoplasma canadense
1131454	Mycoplasma canis
45361	Mycoplasma conjunctivae
50052	Mycoplasma crocodyli
1246955	Mycoplasma cynos
86660	Mycoplasma dispar
53558	Mycoplasma edwardii
2115	Mycoplasma fermentans
743971	Mycoplasma flocculare
2096	Mycoplasma gallisepticum
76629	Mycoplasma gallopavonis
2097	Mycoplasma genitalium
29501	Mycoplasma haemofelis
347256	Mycoplasma hominis
2099	Mycoplasma hyopneumoniae
936139	Mycoplasma hyorhinis
29559	Mycoplasma hyosynoviae
2105	Mycoplasma leachii
2093	Mycoplasma maculosum
2118	Mycoplasma mobile
2120	Mycoplasma neurolyticum
2121	Mycoplasma orale
743968	Mycoplasma ovipneumoniae
171632	Mycoplasma ovis
28227	Mycoplasma penetrans
142651	Mycoplasma phocidae
722438	Mycoplasma pneumoniae
48003	Mycoplasma pullorum
272635	Mycoplasma pulmonis
2123	Mycoplasma putrefaciens
1266997	Mycoplasma salivarium
57372	Mycoplasma suis
2109	Mycoplasma synoviae
65123	Mycoplasma wenyonii
76832	Myroides odoratimimus
256	Myroides odoratus
326522	Neisseria animaloris
267212	Neisseria bacilliformis
493	Neisseria canis
483	Neisseria cinerea
484	Neisseria flavescens
485	Neisseria gonorrhoeae
486	Neisseria lactamica
487	Neisseria meningitidis
488	Neisseria mucosa
29433	Neisseria ovis
490	Neisseria sicca
28449	Neisseria subflava
607711	Neisseria wadsworthii
28091	Neisseria weaveri
326523	Neisseria zoodegmatis
33994	Neorickettsia helminthoeca
950	Neorickettsia risticii
951	Neorickettsia sennetsu
120957	Nocardia abscessus
134964	Nocardia africana
404578	Nocardia amamiensis
263910	Nocardia anaemiae
257277	Nocardia aobensis
228600	Nocardia araoensis
1141647	Nocardia arizonensis
228602	Nocardia arthritidis
209252	Nocardia asiatica
1824	Nocardia asteroides
95162	Nocardia beijingensis
37326	Nocardia brasiliensis
37327	Nocardia brevicatena
37328	Nocardia carnea
257281	Nocardia concava
135487	Nocardia cyriacigeorgica
300029	Nocardia elegans
290231	Nocardia exalbida
37329	Nocardia farcinica
53429	Nocardia flavorosea
352869	Nocardia gamkensis
358707	Nocardia harenae
228599	Nocardia higoensis
145285	Nocardia ignorata
209246	Nocardia inohanensis
261477	Nocardia kruczakiae
279262	Nocardia mexicana
508464	Nocardia mikamii
209249	Nocardia niigatensis
626084	Nocardia niwae
37330	Nocardia nova
1823	Nocardia otitidiscaviarum
114259	Nocardia paucivorans
228601	Nocardia pneumoniae
45979	Nocardia pseudobrasiliensis
208602	Nocardia puris
248552	Nocardia sienata
259390	Nocardia takedensis
455432	Nocardia terpenica
248551	Nocardia testacea
257275	Nocardia thailandica
37333	Nocardia transvalensis
257274	Nocardia vermiculata
132249	Nocardia veterana
96468	Nocardia vinacea
209247	Nocardia yamanashiensis
1697053	Oblitimonas alkaliphila
529	Ochrobactrum anthropi
94625	Ochrobactrum intermedium
419475	Ochrobactrum pseudogrignonense
28118	Odoribacter splanchnicus
1713	Oerskovia turbata
90244	Oligella ureolytica
90245	Oligella urethralis
133926	Olsenella uli
237576	Oribacterium sinus
784	Orientia tsutsugamushi
28251	Ornithobacterium rhinotracheale
643674	Paenalcaligenes hominis
43663	Paenarthrobacter aurescens
44250	Paenibacillus alvei
1464	Paenibacillus larvae
1505	Paeniclostridium sordellii
93218	Pandoraea apista
93219	Pandoraea norimbergensis
93220	Pandoraea pnomenusa
93221	Pandoraea pulmonicola
93222	Pandoraea sputorum
549	Pantoea agglomerans
665913	Mixta calida
59814	Pantoea dispersa
823	Parabacteroides distasonis
328812	Parabacteroides goldsteinii
46503	Parabacteroides merdae
134537	Paraburkholderia fungorum
412963	Paraburkholderia rhizoxinica
83552	Parachlamydia acanthamoebae
1490	Paraclostridium bifermentans
1545044	Paracoccus sanguinis
147645	Paracoccus yeei
78258	Parascardovia denticolens
33033	Parvimonas micra
749	Pasteurella aerogenes
752	Pasteurella bettyae
754	Pasteurella dagmatis
633	Yersinia pseudotuberculosis
760	Pasteurella stomatis
1254	Pediococcus acidilactici
1255	Pediococcus pentosaceus
162289	Peptoniphilus coxii
507750	Peptoniphilus duerdenii
54005	Peptoniphilus harei
33030	Peptoniphilus indolicus
54006	Peptoniphilus ivorii
33031	Peptoniphilus lacrimalis
1261	Peptostreptococcus anaerobius
341694	Peptostreptococcus stomatis
291112	Photorhabdus asymbiotica
395631	Phytobacter diazotrophicus
1972431	Phytobacter ursingii
703	Plesiomonas shigelloides
61647	Pluralibacter gergoviae
28123	Porphyromonas asaccharolytica
36874	Porphyromonas cangingivalis
393921	Porphyromonas crevioricanis
837	Porphyromonas gingivalis
28125	Prevotella bivia
28126	Prevotella buccae
28127	Prevotella buccalis
28128	Prevotella corporis
52227	Prevotella dentalis
28129	Prevotella denticola
28130	Prevotella disiens
76123	Prevotella enoeca
589436	Prevotella fusca
28113	Bacteroides heparinolyticus
28131	Prevotella intermedia
1177574	Prevotella jejuni
840	Prevotella loescheii
28132	Prevotella melaninogenica
28133	Prevotella nigrescens
28135	Prevotella oralis
28135	Prevotella oris
264731	Prevotella ruminicola
589437	Prevotella scopos
28119	Bacteroides zoogleoformans
556499	Propionibacterium acidifaciens
1747	Cutibacterium acnes
119981	Propionibacterium australiense
1574624	Propionibacterium namnetense
33012	Propionimicrobium lymphophilum
126385	Providencia alcalifaciens
584	Proteus mirabilis
102862	Proteus penneri
587	Providencia rettgeri
585	Proteus vulgaris
333962	Providencia heimbachae
158850	Providencia rustigianii
588	Providencia stuartii
566	Pseudescherichia vulneris
287	Pseudomonas aeruginosa
79448	Pseudomonas alcaligenes
294	Pseudomonas fluorescens
47886	Pseudomonas luteola
300	Pseudomonas mendocina
76759	Pseudomonas monteilii
78327	Pseudomonas mosselii
47885	Pseudomonas oryzihabitans
303	Pseudomonas putida
321846	Pseudomonas simiae
96562	Pseudomonas stutzeri
2074	Pseudonocardia autotrophica
1750	Pseudopropionibacterium propionicum
113287	Pseudoramibacter alactolyticus
29432	Psychrobacter phenylpyruvicus
34038	Rahnella aquatilis
190721	Ralstonia insidiosa
105219	Ralstonia mannitolilytica
329	Ralstonia pickettii
54291	Raoultella ornithinolytica
575	Raoultella planticola
577	Raoultella terrigena
358	Agrobacterium tumefaciens
1833	Rhodococcus erythropolis
43767	Rhodococcus hoagii
1829	Rhodococcus rhodochrous
35788	Rickettsia africae
786	Rickettsia akari
33989	Rickettsia amblyommatis
787	Rickettsia australis
33990	Rickettsia bellii
788	Rickettsia canadensis
781	Rickettsia conorii
42862	Rickettsia felis
226665	Rickettsia heilongjiangensis
35789	Rickettsia helvetica
37816	Rickettsia honei
35790	Rickettsia japonica
35791	Rickettsia massiliae
33991	Rickettsia montanensis
35792	Rickettsia parkeri
782	Rickettsia prowazekii
369822	Rickettsia raoultii
33992	Rickettsia rhipicephali
783	Rickettsia rickettsii
35793	Rickettsia sibirica
35794	Rickettsia slovaca
785	Rickettsia typhi
34085	Riemerella anatipestifer
204525	Roseomonas cervicalis
192	Azospirillum brasilense
257708	Roseomonas gilardii
207340	Roseomonas mucosa
172042	Rothia aeria
2047	Rothia dentocariosa
43675	Rothia mucilaginosa
1852	Saccharomonospora viridis
54736	Salmonella bongori
28901	Salmonella enterica
78259	Scardovia inopinata
286802	Segniliparus rotundus
69823	Selenomonas sputigena
47917	Serratia fonticola
615	Serratia marcescens
618	Serratia odorifera
82996	Serratia plymuthica
28151	Serratia proteamaculans
137545	Serratia quinivorans
61652	Serratia rubidaea
38313	Shewanella algae
24	Shewanella putrefaciens
332186	Shewanella xiamenensis
621	Shigella boydii
622	Shigella dysenteriae
623	Shigella flexneri
624	Shigella sonnei
83561	Simkania negevensis
84109	Slackia exigua
84110	Slackia heliotrinireducens
40543	Sneathia sanguinegens
1239307	Sodalis praecaptivus
102148	Solobacterium moorei
1010	Sphingobacterium mizutaii
13690	Sphingobium yanoikuyae
2144	Spiroplasma mirum
985762	Staphylococcus agnetis
985002	Staphylococcus argenteus
29380	Staphylococcus caprae
46126	Staphylococcus chromogenes
1282	Staphylococcus epidermidis
46127	Staphylococcus felis
1283	Staphylococcus haemolyticus
1284	Staphylococcus hyicus
42858	Staphylococcus lentus
28035	Staphylococcus lugdunensis
155085	Staphylococcus lutrae
214473	Staphylococcus nepalensis
45972	Staphylococcus pasteuri
170573	Staphylococcus pettenkoferi
283734	Staphylococcus pseudintermedius
1654388	Staphylococcus schweitzeri
464761	Staphylococcus sciuri
308354	Staphylococcus simiae
1286	Staphylococcus simulans
1255666	Staphylococcus vitulinus
1292	Staphylococcus warneri
1288	Staphylococcus xylosus
40324	Stenotrophomonas maltophilia
34105	Streptobacillus moniliformis
1326	Streptococcus acidominimus
1311	Streptococcus agalactiae
113107	Streptococcus australis
1329	Streptococcus canis
45634	Streptococcus cristatus
1335	Streptococcus equinus
197614	Streptococcus pasteurianus
1302	Streptococcus gordonii
68892	Streptococcus infantis
1346	Streptococcus iniae
1338	Streptococcus intermedius
150055	Streptococcus lutetiensis
313439	Streptococcus massiliensis
28037	Streptococcus mitis
1309	Streptococcus mutans
1303	Streptococcus oralis
1318	Streptococcus parasanguinis
1348	Streptococcus parauberis
68891	Streptococcus peroris
82348	Streptococcus pluranimalium
1313	Streptococcus pneumoniae
1340	Streptococcus porcinus
257758	Streptococcus pseudopneumoniae
361101	Streptococcus pseudoporcinus
1314	Streptococcus pyogenes
1917441	Streptococcus ruminantium
1304	Streptococcus salivarius
1305	Streptococcus sanguinis
1310	Streptococcus sobrinus
1307	Streptococcus suis
1349	Streptococcus uberis
149016	Streptococcus urinalis
78355	Streptomyces somaliensis
40545	Sutterella wadsworthensis
28112	Tannerella forsythia
466	Legionella maceachernii
451	Tatlockia micdadei
82987	Tatumella ptyseos
29575	Taylorella equigenitalis
2026	Thermoactinomyces vulgaris
81028	Treponema brennaborense
160	Treponema pallidum
158	Treponema denticola
53435	Treponema paraluiscuniculi
409322	Treponema pedis
221027	Treponema putidum
2039	Tropheryma whipplei
59561	Trueperella bernardiae
1661	Trueperella pyogenes
2061	Tsukamurella paurometabola
57704	Tsukamurella tyrosinosolvens
29321	Corynebacterium otitidis
134821	Ureaplasma parvum
2130	Ureaplasma urealyticum
39778	Veillonella dispar
187328	Veillonella montpellierensis
29466	Veillonella parvula
55601	Vibrio anguillarum
666	Vibrio cholerae
675	Vibrio cincinnatiensis
676	Vibrio fluvialis
29494	Vibrio furnissii
669	Vibrio harveyi
28172	Vibrio metschnikovii
674	Vibrio mimicus
29495	Vibrio navarrensis
29497	Vibrio splendidus
672	Vibrio vulnificus
71667	Waddlia chondrophila
1014	Weeksella virosa
759620	Weissella ceti
137591	Weissella cibaria
1583	Weissella confusa
400946	Wohlfahrtiimonas chitiniclastica
263819	Yersinia aleksiciae
29484	Yersinia frederiksenii
631	Yersinia intermedia
28152	Yersinia kristensenii
632	Yersinia pestis
29485	Yersinia rohdei
29486	Yersinia ruckeri
367190	Yersinia similis
333754	Alphapapillomavirus 10
333754	Alphapapillomavirus 13
333754	Alphapapillomavirus 14
337039	Alphapapillomavirus 3
337039	Alphapapillomavirus 4
337039	Alphapapillomavirus 6
337039	Alphapapillomavirus 7
333924	Betapapillomavirus 1
333924	Betapapillomavirus 2
333924	Betapapillomavirus 3
129727	Bovine papular stomatitis virus
131226	Cherry mottle leaf virus
1891758	Chlorocebus pygerythrus polyomavirus 1
10243	Cowpox virus
1175851	Gammapapillomavirus 6
1175851	Gammapapillomavirus 8
159604	Gorilline gammaherpesvirus 1
10407	Hepatitis B virus
12475	Hepatitis delta virus
10335	Human alphaherpesvirus 1
10335	Human alphaherpesvirus 2
10335	Human alphaherpesvirus 3
10359	Human betaherpesvirus 5
32603	Human betaherpesvirus 6A
32604	Human betaherpesvirus 6B
10359	Human betaherpesvirus 7
645161	Human bocavirus 3
37296	Human gammaherpesvirus 4
37296	Human gammaherpesvirus 8
129875	Human mastadenovirus A
130310	Human mastadenovirus D
10566	Human papillomavirus
1961924	Human papillomavirus 109
337043	Human papillomavirus 4
10618	Human papillomavirus type 10
10618	Human papillomavirus type 16
10618	Human papillomavirus type 26
10618	Human papillomavirus type 32
10618	Human papillomavirus type 34
10618	Human papillomavirus type 41
10618	Human papillomavirus type 48
10618	Human papillomavirus type 50
10618	Human papillomavirus type 60
10618	Human papillomavirus type 63
333923	Human papillomavirus type 7
333923	Human papillomavirus type 88
333923	Human papillomavirus type 90
333923	Human papillomavirus type 92
333923	Human papillomavirus type 96
10798	Human parvovirus B19
1891726	Human polyomavirus 1
1891726	Human polyomavirus 3
10632	JC polyomavirus
2845555	Macacine alphaherpesvirus 1
493803	Merkel cell polyomavirus
10279	Molluscum contagiosum virus
10244	Monkeypox virus
334204	Mupapillomavirus 1
10258	Orf virus
1678143	Orthohepevirus A
188763	Panine betaherpesvirus 2
159602	Panine gammaherpesvirus 1
159603	Pongine gammaherpesvirus 2
129726	Pseudocowpox virus
688436	Quaranfil quaranjavirus
10381	Saimiriine gammaherpesvirus 2
187984	Seal parapoxvirus
2870393	Simian virus 12
99000	Tanapox virus
68887	Torque teno virus
10245	Vaccinia virus
10255	Variola virus
35269	Woodchuck hepatitis virus
440266	WU Polyomavirus
38804	Yaba monkey tumor virus
1286213	Yellow baboon polyomavirus 2
53326	Ancylostoma ceylanicum
51022	Ancylostoma duodenale
6313	Angiostrongylus cantonensis
334426	Angiostrongylus costaricensis
6269	Anisakis simplex
723287	Anncaliia algerae
5865	Babesia bovis
32595	Babesia divergens
5868	Babesia microti
66527	Balamuthia mandrillaris
12968	Blastocystis hominis
6279	Brugia malayi
79923	Clonorchis sinensis
237895	Cryptosporidium hominis
5808	Cryptosporidium muris
5807	Cryptosporidium parvum
88456	Cyclospora cayetanensis
6287	Dirofilaria immitis
318479	Dracunculus medinensis
6210	Echinococcus granulosus
6211	Echinococcus multilocularis
27848	Echinostoma caproni
6035	Encephalitozoon cuniculi
27973	Encephalitozoon hellem
58839	Encephalitozoon intestinalis
5759	Entamoeba histolytica
51028	Enterobius vermicularis
31281	Enterocytozoon bieneusi
6192	Fasciola hepatica
75299	Gnathostoma spinigerum
5659	Leishmania amazonensis
5660	Leishmania braziliensis
5661	Leishmania donovani
5671	Leishmania infantum
5664	Leishmania major
5665	Leishmania mexicana
5679	Leishmania panamensis
5666	Leishmania tropica
7209	Loa loa
5763	Naegleria fowleri
51031	Necator americanus
6282	Onchocerca volvulus
6198	Opisthorchis viverrini
34504	Paragonimus westermani
5827	Plasmodium cynomolgi
5833	Plasmodium falciparum
5850	Plasmodium knowlesi
5858	Plasmodium malariae
36330	Plasmodium ovale
5855	Plasmodium vivax
4754	Pneumocystis carinii
102285	Rodentolepis nana
6185	Schistosoma haematobium
6182	Schistosoma japonicum
6183	Schistosoma mansoni
6248	Strongyloides stercoralis
60517	Taenia asiatica
6206	Taenia saginata
6204	Taenia solium
6265	Toxocara canis
5811	Toxoplasma gondii
72359	Trachipleistophora hominis
5722	Trichomonas vaginalis
36087	Trichuris trichiura
5702	Trypanosoma brucei brucei
31285	Trypanosoma brucei gambiense
5693	Trypanosoma cruzi
6293	Wuchereria bancrofti
